Workbook

Sheet Trades
A1: Fecha | B1: Setup | C1: Régimen | D1: Dirección | E1: Contexto OI/Funding | F1: Entrada | G1: Stop | H1: Salida final | I1: Posición ($) | J1: Riesgo plan ($) | K1: P&L ($) | L1: R obtenido | M1: ¿Respetó reglas? | N1: Calificación | O1: Notas
K2: =IF(OR(F2="",H2="",I2=""),"",IF(D2="Long",(H2-F2)/F2*I2,(F2-H2)/F2*I2)) | L2: =IF(OR(K2="",J2="",J2=0),"",K2/J2)
K3: =IF(OR(F3="",H3="",I3=""),"",IF(D3="Long",(H3-F3)/F3*I3,(F3-H3)/F3*I3)) | L3: =IF(OR(K3="",J3="",J3=0),"",K3/J3)
K4: =IF(OR(F4="",H4="",I4=""),"",IF(D4="Long",(H4-F4)/F4*I4,(F4-H4)/F4*I4)) | L4: =IF(OR(K4="",J4="",J4=0),"",K4/J4)
K5: =IF(OR(F5="",H5="",I5=""),"",IF(D5="Long",(H5-F5)/F5*I5,(F5-H5)/F5*I5)) | L5: =IF(OR(K5="",J5="",J5=0),"",K5/J5)
K6: =IF(OR(F6="",H6="",I6=""),"",IF(D6="Long",(H6-F6)/F6*I6,(F6-H6)/F6*I6)) | L6: =IF(OR(K6="",J6="",J6=0),"",K6/J6)
K7: =IF(OR(F7="",H7="",I7=""),"",IF(D7="Long",(H7-F7)/F7*I7,(F7-H7)/F7*I7)) | L7: =IF(OR(K7="",J7="",J7=0),"",K7/J7)
K8: =IF(OR(F8="",H8="",I8=""),"",IF(D8="Long",(H8-F8)/F8*I8,(F8-H8)/F8*I8)) | L8: =IF(OR(K8="",J8="",J8=0),"",K8/J8)
K9: =IF(OR(F9="",H9="",I9=""),"",IF(D9="Long",(H9-F9)/F9*I9,(F9-H9)/F9*I9)) | L9: =IF(OR(K9="",J9="",J9=0),"",K9/J9)
K10: =IF(OR(F10="",H10="",I10=""),"",IF(D10="Long",(H10-F10)/F10*I10,(F10-H10)/F10*I10)) | L10: =IF(OR(K10="",J10="",J10=0),"",K10/J10)
K11: =IF(OR(F11="",H11="",I11=""),"",IF(D11="Long",(H11-F11)/F11*I11,(F11-H11)/F11*I11)) | L11: =IF(OR(K11="",J11="",J11=0),"",K11/J11)
K12: =IF(OR(F12="",H12="",I12=""),"",IF(D12="Long",(H12-F12)/F12*I12,(F12-H12)/F12*I12)) | L12: =IF(OR(K12="",J12="",J12=0),"",K12/J12)
K13: =IF(OR(F13="",H13="",I13=""),"",IF(D13="Long",(H13-F13)/F13*I13,(F13-H13)/F13*I13)) | L13: =IF(OR(K13="",J13="",J13=0),"",K13/J13)
... K500: =IF(OR(F500="",H500="",I500=""),"",IF(D500="Long",(H500-F500)/F500*I500,(F500-H500)/F500*I500)) | L500: =IF(OR(K500="",J500="",J500=0),"",K500/J500)

Sheet Dashboard
A1: DASHBOARD — MÉTRICAS DE PROCESO
A3: Trades totales | B3: =COUNTA(Trades!A2:A500) -> 0
A4: Win rate | B4: =IFERROR(COUNTIF(Trades!K2:K500,">0")/COUNT(Trades!K2:K500),"-") -> -
A5: R promedio | B5: =IFERROR(AVERAGE(Trades!L2:L500),"-") -> -
A6: R acumulado | B6: =IFERROR(SUM(Trades!L2:L500),"-") -> 0
A7: P&L total ($) | B7: =IFERROR(SUM(Trades!K2:K500),"-") -> 0
A8: % dentro del playbook | B8: =IFERROR((COUNTA(Trades!B2:B500)-COUNTIF(Trades!B2:B500,"FUERA DE PLAYBOOK"))/COUNTA(Trades!B2:B500),"-") -> -
A9: % reglas respetadas | B9: =IFERROR(COUNTIF(Trades!M2:M500,"Sí")/COUNTA(Trades!M2:M500),"-") -> -
A10: Mejor R | B10: =IFERROR(MAX(Trades!L2:L500),"-") -> 0
A11: Peor R | B11: =IFERROR(MIN(Trades!L2:L500),"-") -> 0
A13: POR SETUP
A14: Setup | B14: Trades | C14: Win rate | D14: R promedio | E14: R acumulado
A15: L1 | B15: =COUNTIF(Trades!B2:B500,A15) -> 0 | C15: =IFERROR(COUNTIFS(Trades!B2:B500,A15,Trades!K2:K500,">0")/COUNTIFS(Trades!B2:B500,A15,Trades!K2:K500,"<>"),"-") -> - | D15: =IFERROR(AVERAGEIF(Trades!B2:B500,A15,Trades!L2:L500),"-") -> - | E15: =IFERROR(SUMIF(Trades!B2:B500,A15,Trades!L2:L500),"-") -> 0
A16: L2 | B16: =COUNTIF(Trades!B2:B500,A16) -> 0 | C16: =IFERROR(COUNTIFS(Trades!B2:B500,A16,Trades!K2:K500,">0")/COUNTIFS(Trades!B2:B500,A16,Trades!K2:K500,"<>"),"-") -> - | D16: =IFERROR(AVERAGEIF(Trades!B2:B500,A16,Trades!L2:L500),"-") -> - | E16: =IFERROR(SUMIF(Trades!B2:B500,A16,Trades!L2:L500),"-") -> 0
A17: S1 | B17: =COUNTIF(Trades!B2:B500,A17) -> 0 | C17: =IFERROR(COUNTIFS(Trades!B2:B500,A17,Trades!K2:K500,">0")/COUNTIFS(Trades!B2:B500,A17,Trades!K2:K500,"<>"),"-") -> - | D17: =IFERROR(AVERAGEIF(Trades!B2:B500,A17,Trades!L2:L500),"-") -> - | E17: =IFERROR(SUMIF(Trades!B2:B500,A17,Trades!L2:L500),"-") -> 0
A18: S2 | B18: =COUNTIF(Trades!B2:B500,A18) -> 0 | C18: =IFERROR(COUNTIFS(Trades!B2:B500,A18,Trades!K2:K500,">0")/COUNTIFS(Trades!B2:B500,A18,Trades!K2:K500,"<>"),"-") -> - | D18: =IFERROR(AVERAGEIF(Trades!B2:B500,A18,Trades!L2:L500),"-") -> - | E18: =IFERROR(SUMIF(Trades!B2:B500,A18,Trades!L2:L500),"-") -> 0
A19: FUERA DE PLAYBOOK | B19: =COUNTIF(Trades!B2:B500,A19) -> 0 | C19: =IFERROR(COUNTIFS(Trades!B2:B500,A19,Trades!K2:K500,">0")/COUNTIFS(Trades!B2:B500,A19,Trades!K2:K500,"<>"),"-") -> - | D19: =IFERROR(AVERAGEIF(Trades!B2:B500,A19,Trades!L2:L500),"-") -> - | E19: =IFERROR(SUMIF(Trades!B2:B500,A19,Trades!L2:L500),"-") -> 0

Sheet Guía
A1: CÓMO USAR ESTE JOURNAL
A3: 1. | B3: Registrá CADA trade, incluso los que salen mal. Especialmente los que salen mal.
A4: 2. | B4: Columnas azules = las llenás vos. Columnas negras (P&L y R) = se calculan solas.
A5: 3. | B5: Setup 'FUERA DE PLAYBOOK' existe a propósito: registrá también los impulsos. El Dashboard te va a mostrar cuánto te cuestan.
A6: 4. | B6: Calificación A/B/C/F es por CALIDAD DE EJECUCIÓN, no por resultado. Un perdedor bien ejecutado es una A. Un ganador fuera del plan es una F.
A7: 5. | B7: Contexto OI/Funding: anotá qué viste en Coinglass al entrar (ej: 'OI cayendo, funding -0.01%, spike liq longs').
A8: 6. | B8: Riesgo plan ($) debería ser siempre ≈$50 (1% de $5,000). Si no lo es, la columna '¿Respetó reglas?' es No.
A10: OBJETIVO MENSUAL | B10: No es un monto en $. Es: 0 violaciones de reglas, ≥90% de trades dentro del playbook, journal completo.
